,file,label
0,FIDS30/acerolas/1.jpg,fid_0
1,FIDS30/acerolas/10.jpg,fid_0
2,FIDS30/acerolas/12.jpg,fid_0
3,FIDS30/acerolas/15.jpg,fid_0
4,FIDS30/acerolas/16.jpg,fid_0
5,FIDS30/acerolas/18.jpg,fid_0
6,FIDS30/acerolas/19.jpg,fid_0
7,FIDS30/acerolas/21.jpg,fid_0
8,FIDS30/acerolas/22.jpg,fid_0
9,FIDS30/acerolas/23.jpg,fid_0
10,FIDS30/acerolas/25.jpg,fid_0
11,FIDS30/acerolas/29.jpg,fid_0
12,FIDS30/acerolas/3.jpg,fid_0
13,FIDS30/acerolas/30.jpg,fid_0
14,FIDS30/acerolas/33.jpg,fid_0
15,FIDS30/acerolas/34.jpg,fid_0
16,FIDS30/acerolas/35.jpg,fid_0
17,FIDS30/acerolas/36.jpg,fid_0
18,FIDS30/acerolas/38.jpg,fid_0
19,FIDS30/acerolas/39.jpg,fid_0
20,FIDS30/acerolas/43.jpg,fid_0
21,FIDS30/acerolas/44.jpg,fid_0
22,FIDS30/acerolas/46.jpg,fid_0
23,FIDS30/acerolas/5.jpg,fid_0
24,FIDS30/apples/0.jpg,fid_1
25,FIDS30/apples/1.jpg,fid_1
26,FIDS30/apples/10.jpg,fid_1
27,FIDS30/apples/11.jpg,fid_1
28,FIDS30/apples/12.jpg,fid_1
29,FIDS30/apples/13.jpg,fid_1
30,FIDS30/apples/14.jpg,fid_1
31,FIDS30/apples/15.jpg,fid_1
32,FIDS30/apples/16.jpg,fid_1
33,FIDS30/apples/17.jpg,fid_1
34,FIDS30/apples/19.jpg,fid_1
35,FIDS30/apples/2.jpg,fid_1
36,FIDS30/apples/20.jpg,fid_1
37,FIDS30/apples/22.jpg,fid_1
38,FIDS30/apples/23.jpg,fid_1
39,FIDS30/apples/24.jpg,fid_1
40,FIDS30/apples/25.jpg,fid_1
41,FIDS30/apples/26.jpg,fid_1
42,FIDS30/apples/28.jpg,fid_1
43,FIDS30/apples/3.jpg,fid_1
44,FIDS30/apples/32.jpg,fid_1
45,FIDS30/apples/34.jpg,fid_1
46,FIDS30/apples/35.jpg,fid_1
47,FIDS30/apples/38.jpg,fid_1
48,FIDS30/apples/4.jpg,fid_1
49,FIDS30/apples/40.jpg,fid_1
50,FIDS30/apples/41.jpg,fid_1
51,FIDS30/apples/42.jpg,fid_1
52,FIDS30/apples/46.jpg,fid_1
53,FIDS30/apples/47.jpg,fid_1
54,FIDS30/apples/49.jpg,fid_1
55,FIDS30/apples/50.jpg,fid_1
56,FIDS30/apples/52.jpg,fid_1
57,FIDS30/apples/54.jpg,fid_1
58,FIDS30/apples/55.jpg,fid_1
59,FIDS30/apples/7.jpg,fid_1
60,FIDS30/apples/8.jpg,fid_1
61,FIDS30/apples/9.jpg,fid_1
62,FIDS30/apricots/0.jpg,fid_2
63,FIDS30/apricots/10.jpg,fid_2
64,FIDS30/apricots/11.jpg,fid_2
65,FIDS30/apricots/13.jpg,fid_2
66,FIDS30/apricots/15.jpg,fid_2
67,FIDS30/apricots/16.jpg,fid_2
68,FIDS30/apricots/18.jpg,fid_2
69,FIDS30/apricots/19.jpg,fid_2
70,FIDS30/apricots/2.jpg,fid_2
71,FIDS30/apricots/20.jpg,fid_2
72,FIDS30/apricots/21.jpg,fid_2
73,FIDS30/apricots/23.jpg,fid_2
74,FIDS30/apricots/24.jpg,fid_2
75,FIDS30/apricots/25.jpg,fid_2
76,FIDS30/apricots/26.jpg,fid_2
77,FIDS30/apricots/29.jpg,fid_2
78,FIDS30/apricots/3.jpg,fid_2
79,FIDS30/apricots/31.jpg,fid_2
80,FIDS30/apricots/32.jpg,fid_2
81,FIDS30/apricots/35.jpg,fid_2
82,FIDS30/apricots/36.jpg,fid_2
83,FIDS30/apricots/4.jpg,fid_2
84,FIDS30/apricots/41.jpg,fid_2
85,FIDS30/apricots/42.jpg,fid_2
86,FIDS30/apricots/43.jpg,fid_2
87,FIDS30/apricots/47.jpg,fid_2
88,FIDS30/apricots/5.jpg,fid_2
89,FIDS30/apricots/51.jpg,fid_2
90,FIDS30/apricots/6.jpg,fid_2
91,FIDS30/apricots/7.jpg,fid_2
92,FIDS30/avocados/10.jpg,fid_3
93,FIDS30/avocados/11.jpg,fid_3
94,FIDS30/avocados/12.jpg,fid_3
95,FIDS30/avocados/16.jpg,fid_3
96,FIDS30/avocados/17.jpg,fid_3
97,FIDS30/avocados/19.jpg,fid_3
98,FIDS30/avocados/2.jpg,fid_3
99,FIDS30/avocados/21.jpg,fid_3
100,FIDS30/avocados/22.jpg,fid_3
101,FIDS30/avocados/23.jpg,fid_3
102,FIDS30/avocados/27.jpg,fid_3
103,FIDS30/avocados/3.jpg,fid_3
104,FIDS30/avocados/32.jpg,fid_3
105,FIDS30/avocados/34.jpg,fid_3
106,FIDS30/avocados/38.jpg,fid_3
107,FIDS30/avocados/4.jpg,fid_3
108,FIDS30/avocados/40.jpg,fid_3
109,FIDS30/avocados/43.jpg,fid_3
110,FIDS30/avocados/47.jpg,fid_3
111,FIDS30/avocados/50.jpg,fid_3
112,FIDS30/avocados/51.jpg,fid_3
113,FIDS30/avocados/52.jpg,fid_3
114,FIDS30/avocados/6.jpg,fid_3
115,FIDS30/avocados/7.jpg,fid_3
116,FIDS30/avocados/8.jpg,fid_3
117,FIDS30/avocados/9.jpg,fid_3
118,FIDS30/bananas/1.jpg,fid_4
119,FIDS30/bananas/10.jpg,fid_4
120,FIDS30/bananas/11.jpg,fid_4
121,FIDS30/bananas/12.jpg,fid_4
122,FIDS30/bananas/13.jpg,fid_4
123,FIDS30/bananas/14.jpg,fid_4
124,FIDS30/bananas/15.jpg,fid_4
125,FIDS30/bananas/16.jpg,fid_4
126,FIDS30/bananas/17.jpg,fid_4
127,FIDS30/bananas/2.jpg,fid_4
128,FIDS30/bananas/21.jpg,fid_4
129,FIDS30/bananas/22.jpg,fid_4
130,FIDS30/bananas/23.jpg,fid_4
131,FIDS30/bananas/26.jpg,fid_4
132,FIDS30/bananas/27.jpg,fid_4
133,FIDS30/bananas/28.jpg,fid_4
134,FIDS30/bananas/29.jpg,fid_4
135,FIDS30/bananas/3.jpg,fid_4
136,FIDS30/bananas/30.jpg,fid_4
137,FIDS30/bananas/31.jpg,fid_4
138,FIDS30/bananas/32.jpg,fid_4
139,FIDS30/bananas/34.jpg,fid_4
140,FIDS30/bananas/35.jpg,fid_4
141,FIDS30/bananas/36.jpg,fid_4
142,FIDS30/bananas/37.jpg,fid_4
143,FIDS30/bananas/38.jpg,fid_4
144,FIDS30/bananas/39.jpg,fid_4
145,FIDS30/bananas/4.jpg,fid_4
146,FIDS30/bananas/40.jpg,fid_4
147,FIDS30/bananas/42.jpg,fid_4
148,FIDS30/bananas/43.jpg,fid_4
149,FIDS30/bananas/47.jpg,fid_4
150,FIDS30/bananas/49.jpg,fid_4
151,FIDS30/bananas/5.jpg,fid_4
152,FIDS30/bananas/50.jpg,fid_4
153,FIDS30/bananas/51.jpg,fid_4
154,FIDS30/bananas/52.jpg,fid_4
155,FIDS30/bananas/53.jpg,fid_4
156,FIDS30/bananas/54.jpg,fid_4
157,FIDS30/bananas/6.jpg,fid_4
158,FIDS30/bananas/8.jpg,fid_4
159,FIDS30/bananas/9.jpg,fid_4
160,FIDS30/blackberries/0.jpg,fid_5
161,FIDS30/blackberries/1.jpg,fid_5
162,FIDS30/blackberries/10.jpg,fid_5
163,FIDS30/blackberries/11.jpg,fid_5
164,FIDS30/blackberries/12.jpg,fid_5
165,FIDS30/blackberries/13.jpg,fid_5
166,FIDS30/blackberries/14.jpg,fid_5
167,FIDS30/blackberries/16.jpg,fid_5
168,FIDS30/blackberries/17.jpg,fid_5
169,FIDS30/blackberries/18.jpg,fid_5
170,FIDS30/blackberries/19.jpg,fid_5
171,FIDS30/blackberries/2.jpg,fid_5
172,FIDS30/blackberries/20.jpg,fid_5
173,FIDS30/blackberries/22.jpg,fid_5
174,FIDS30/blackberries/23.jpg,fid_5
175,FIDS30/blackberries/24.jpg,fid_5
176,FIDS30/blackberries/27.jpg,fid_5
177,FIDS30/blackberries/29.jpg,fid_5
178,FIDS30/blackberries/3.jpg,fid_5
179,FIDS30/blackberries/30.jpg,fid_5
180,FIDS30/blackberries/32.jpg,fid_5
181,FIDS30/blackberries/33.jpg,fid_5
182,FIDS30/blackberries/36.jpg,fid_5
183,FIDS30/blackberries/37.jpg,fid_5
184,FIDS30/blackberries/4.jpg,fid_5
185,FIDS30/blackberries/40.jpg,fid_5
186,FIDS30/blackberries/46.jpg,fid_5
187,FIDS30/blackberries/47.jpg,fid_5
188,FIDS30/blackberries/48.jpg,fid_5
189,FIDS30/blackberries/5.jpg,fid_5
190,FIDS30/blackberries/53.jpg,fid_5
191,FIDS30/blackberries/54.jpg,fid_5
192,FIDS30/blackberries/55.jpg,fid_5
193,FIDS30/blackberries/59.jpg,fid_5
194,FIDS30/blackberries/7.jpg,fid_5
195,FIDS30/blackberries/8.jpg,fid_5
196,FIDS30/blackberries/9.jpg,fid_5
197,FIDS30/blueberries/0.jpg,fid_6
198,FIDS30/blueberries/1.jpg,fid_6
199,FIDS30/blueberries/10.jpg,fid_6
200,FIDS30/blueberries/11.jpg,fid_6
201,FIDS30/blueberries/12.jpg,fid_6
202,FIDS30/blueberries/13.jpg,fid_6
203,FIDS30/blueberries/14.jpg,fid_6
204,FIDS30/blueberries/16.jpg,fid_6
205,FIDS30/blueberries/2.jpg,fid_6
206,FIDS30/blueberries/20.jpg,fid_6
207,FIDS30/blueberries/26.jpg,fid_6
208,FIDS30/blueberries/27.jpg,fid_6
209,FIDS30/blueberries/29.jpg,fid_6
210,FIDS30/blueberries/3.jpg,fid_6
211,FIDS30/blueberries/31.jpg,fid_6
212,FIDS30/blueberries/34.jpg,fid_6
213,FIDS30/blueberries/37.jpg,fid_6
214,FIDS30/blueberries/4.jpg,fid_6
215,FIDS30/blueberries/40.jpg,fid_6
216,FIDS30/blueberries/42.jpg,fid_6
217,FIDS30/blueberries/44.jpg,fid_6
218,FIDS30/blueberries/47.jpg,fid_6
219,FIDS30/blueberries/48.jpg,fid_6
220,FIDS30/blueberries/5.jpg,fid_6
221,FIDS30/blueberries/52.jpg,fid_6
222,FIDS30/blueberries/53.jpg,fid_6
223,FIDS30/blueberries/55.jpg,fid_6
224,FIDS30/blueberries/56.jpg,fid_6
225,FIDS30/blueberries/58.jpg,fid_6
226,FIDS30/blueberries/59.jpg,fid_6
227,FIDS30/blueberries/6.jpg,fid_6
228,FIDS30/blueberries/7.jpg,fid_6
229,FIDS30/cantaloupes/0.jpg,fid_7
230,FIDS30/cantaloupes/1.jpg,fid_7
231,FIDS30/cantaloupes/12.jpg,fid_7
232,FIDS30/cantaloupes/13.jpg,fid_7
233,FIDS30/cantaloupes/14.jpg,fid_7
234,FIDS30/cantaloupes/15.jpg,fid_7
235,FIDS30/cantaloupes/16.jpg,fid_7
236,FIDS30/cantaloupes/17.jpg,fid_7
237,FIDS30/cantaloupes/18.jpg,fid_7
238,FIDS30/cantaloupes/19.jpg,fid_7
239,FIDS30/cantaloupes/2.jpg,fid_7
240,FIDS30/cantaloupes/21.jpg,fid_7
241,FIDS30/cantaloupes/22.jpg,fid_7
242,FIDS30/cantaloupes/24.jpg,fid_7
243,FIDS30/cantaloupes/25.jpg,fid_7
244,FIDS30/cantaloupes/3.jpg,fid_7
245,FIDS30/cantaloupes/30.jpg,fid_7
246,FIDS30/cantaloupes/31.jpg,fid_7
247,FIDS30/cantaloupes/33.jpg,fid_7
248,FIDS30/cantaloupes/34.jpg,fid_7
249,FIDS30/cantaloupes/38.jpg,fid_7
250,FIDS30/cantaloupes/4.jpg,fid_7
251,FIDS30/cantaloupes/40.jpg,fid_7
252,FIDS30/cantaloupes/42.jpg,fid_7
253,FIDS30/cantaloupes/43.jpg,fid_7
254,FIDS30/cantaloupes/44.jpg,fid_7
255,FIDS30/cantaloupes/45.jpg,fid_7
256,FIDS30/cantaloupes/49.jpg,fid_7
257,FIDS30/cantaloupes/5.jpg,fid_7
258,FIDS30/cantaloupes/6.jpg,fid_7
259,FIDS30/cantaloupes/7.jpg,fid_7
260,FIDS30/cherries/1.jpg,fid_8
261,FIDS30/cherries/10.jpg,fid_8
262,FIDS30/cherries/11.jpg,fid_8
263,FIDS30/cherries/12.jpg,fid_8
264,FIDS30/cherries/13.jpg,fid_8
265,FIDS30/cherries/14.jpg,fid_8
266,FIDS30/cherries/15.jpg,fid_8
267,FIDS30/cherries/16.jpg,fid_8
268,FIDS30/cherries/17.jpg,fid_8
269,FIDS30/cherries/18.jpg,fid_8
270,FIDS30/cherries/20.jpg,fid_8
271,FIDS30/cherries/21.jpg,fid_8
272,FIDS30/cherries/22.jpg,fid_8
273,FIDS30/cherries/26.jpg,fid_8
274,FIDS30/cherries/27.jpg,fid_8
275,FIDS30/cherries/28.jpg,fid_8
276,FIDS30/cherries/3.jpg,fid_8
277,FIDS30/cherries/31.jpg,fid_8
278,FIDS30/cherries/34.jpg,fid_8
279,FIDS30/cherries/37.jpg,fid_8
280,FIDS30/cherries/39.jpg,fid_8
281,FIDS30/cherries/4.jpg,fid_8
282,FIDS30/cherries/40.jpg,fid_8
283,FIDS30/cherries/41.jpg,fid_8
284,FIDS30/cherries/43.jpg,fid_8
285,FIDS30/cherries/44.jpg,fid_8
286,FIDS30/cherries/47.jpg,fid_8
287,FIDS30/cherries/48.jpg,fid_8
288,FIDS30/cherries/49.jpg,fid_8
289,FIDS30/cherries/5.jpg,fid_8
290,FIDS30/cherries/51.jpg,fid_8
291,FIDS30/cherries/8.jpg,fid_8
292,FIDS30/cherries/9.jpg,fid_8
293,FIDS30/coconuts/1.jpg,fid_9
294,FIDS30/coconuts/11.jpg,fid_9
295,FIDS30/coconuts/13.jpg,fid_9
296,FIDS30/coconuts/14.jpg,fid_9
297,FIDS30/coconuts/16.jpg,fid_9
298,FIDS30/coconuts/17.jpg,fid_9
299,FIDS30/coconuts/19.jpg,fid_9
300,FIDS30/coconuts/2.jpg,fid_9
301,FIDS30/coconuts/20.jpg,fid_9
302,FIDS30/coconuts/21.jpg,fid_9
303,FIDS30/coconuts/27.jpg,fid_9
304,FIDS30/coconuts/29.jpg,fid_9
305,FIDS30/coconuts/3.jpg,fid_9
306,FIDS30/coconuts/30.jpg,fid_9
307,FIDS30/coconuts/4.jpg,fid_9
308,FIDS30/coconuts/40.jpg,fid_9
309,FIDS30/coconuts/42.jpg,fid_9
310,FIDS30/coconuts/44.jpg,fid_9
311,FIDS30/coconuts/47.jpg,fid_9
312,FIDS30/coconuts/49.jpg,fid_9
313,FIDS30/coconuts/5.jpg,fid_9
314,FIDS30/coconuts/51.jpg,fid_9
315,FIDS30/coconuts/52.jpg,fid_9
316,FIDS30/coconuts/6.jpg,fid_9
317,FIDS30/coconuts/7.jpg,fid_9
318,FIDS30/coconuts/8.jpg,fid_9
319,FIDS30/figs/0.jpg,fid_10
320,FIDS30/figs/1.jpg,fid_10
321,FIDS30/figs/10.jpg,fid_10
322,FIDS30/figs/11.jpg,fid_10
323,FIDS30/figs/14.jpg,fid_10
324,FIDS30/figs/15.jpg,fid_10
325,FIDS30/figs/18.jpg,fid_10
326,FIDS30/figs/20.jpg,fid_10
327,FIDS30/figs/22.jpg,fid_10
328,FIDS30/figs/23.jpg,fid_10
329,FIDS30/figs/25.jpg,fid_10
330,FIDS30/figs/27.jpg,fid_10
331,FIDS30/figs/28.jpg,fid_10
332,FIDS30/figs/29.jpg,fid_10
333,FIDS30/figs/3.jpg,fid_10
334,FIDS30/figs/30.jpg,fid_10
335,FIDS30/figs/32.jpg,fid_10
336,FIDS30/figs/36.jpg,fid_10
337,FIDS30/figs/38.jpg,fid_10
338,FIDS30/figs/4.jpg,fid_10
339,FIDS30/figs/51.jpg,fid_10
340,FIDS30/figs/53.jpg,fid_10
341,FIDS30/figs/54.jpg,fid_10
342,FIDS30/figs/55.jpg,fid_10
343,FIDS30/figs/8.jpg,fid_10
344,FIDS30/figs/9.jpg,fid_10
345,FIDS30/grapefruits/0.jpg,fid_12
346,FIDS30/grapefruits/1.jpg,fid_12
347,FIDS30/grapefruits/10.jpg,fid_12
348,FIDS30/grapefruits/16.jpg,fid_12
349,FIDS30/grapefruits/17.jpg,fid_12
350,FIDS30/grapefruits/19.jpg,fid_12
351,FIDS30/grapefruits/2.jpg,fid_12
352,FIDS30/grapefruits/20.jpg,fid_12
353,FIDS30/grapefruits/21.jpg,fid_12
354,FIDS30/grapefruits/23.jpg,fid_12
355,FIDS30/grapefruits/24.jpg,fid_12
356,FIDS30/grapefruits/26.jpg,fid_12
357,FIDS30/grapefruits/28.jpg,fid_12
358,FIDS30/grapefruits/29.jpg,fid_12
359,FIDS30/grapefruits/30.jpg,fid_12
360,FIDS30/grapefruits/36.jpg,fid_12
361,FIDS30/grapefruits/37.jpg,fid_12
362,FIDS30/grapefruits/38.jpg,fid_12
363,FIDS30/grapefruits/4.jpg,fid_12
364,FIDS30/grapefruits/43.jpg,fid_12
365,FIDS30/grapefruits/44.jpg,fid_12
366,FIDS30/grapefruits/45.jpg,fid_12
367,FIDS30/grapefruits/46.jpg,fid_12
368,FIDS30/grapefruits/47.jpg,fid_12
369,FIDS30/grapefruits/48.jpg,fid_12
370,FIDS30/grapefruits/49.jpg,fid_12
371,FIDS30/grapefruits/5.jpg,fid_12
372,FIDS30/grapefruits/6.jpg,fid_12
373,FIDS30/grapefruits/7.jpg,fid_12
374,FIDS30/grapefruits/8.jpg,fid_12
375,FIDS30/grapefruits/9.jpg,fid_12
376,FIDS30/grapes/0.jpg,fid_13
377,FIDS30/grapes/10.jpg,fid_13
378,FIDS30/grapes/12.jpg,fid_13
379,FIDS30/grapes/13.jpg,fid_13
380,FIDS30/grapes/14.jpg,fid_13
381,FIDS30/grapes/15.jpg,fid_13
382,FIDS30/grapes/16.jpg,fid_13
383,FIDS30/grapes/17.jpg,fid_13
384,FIDS30/grapes/19.jpg,fid_13
385,FIDS30/grapes/20.jpg,fid_13
386,FIDS30/grapes/21.jpg,fid_13
387,FIDS30/grapes/22.jpg,fid_13
388,FIDS30/grapes/24.jpg,fid_13
389,FIDS30/grapes/26.jpg,fid_13
390,FIDS30/grapes/27.jpg,fid_13
391,FIDS30/grapes/28.jpg,fid_13
392,FIDS30/grapes/29.jpg,fid_13
393,FIDS30/grapes/30.jpg,fid_13
394,FIDS30/grapes/31.jpg,fid_13
395,FIDS30/grapes/32.jpg,fid_13
396,FIDS30/grapes/34.jpg,fid_13
397,FIDS30/grapes/35.jpg,fid_13
398,FIDS30/grapes/39.jpg,fid_13
399,FIDS30/grapes/4.jpg,fid_13
400,FIDS30/grapes/41.jpg,fid_13
401,FIDS30/grapes/42.jpg,fid_13
402,FIDS30/grapes/45.jpg,fid_13
403,FIDS30/grapes/46.jpg,fid_13
404,FIDS30/grapes/49.jpg,fid_13
405,FIDS30/grapes/5.jpg,fid_13
406,FIDS30/grapes/51.jpg,fid_13
407,FIDS30/grapes/52.jpg,fid_13
408,FIDS30/grapes/55.jpg,fid_13
409,FIDS30/grapes/57.jpg,fid_13
410,FIDS30/grapes/6.jpg,fid_13
411,FIDS30/grapes/7.jpg,fid_13
412,FIDS30/grapes/8.jpg,fid_13
413,FIDS30/grapes/9.jpg,fid_13
414,FIDS30/guava/0.jpg,fid_14
415,FIDS30/guava/10.jpg,fid_14
416,FIDS30/guava/11.jpg,fid_14
417,FIDS30/guava/12.jpg,fid_14
418,FIDS30/guava/13.jpg,fid_14
419,FIDS30/guava/14.jpg,fid_14
420,FIDS30/guava/16.jpg,fid_14
421,FIDS30/guava/18.jpg,fid_14
422,FIDS30/guava/2.jpg,fid_14
423,FIDS30/guava/20.jpg,fid_14
424,FIDS30/guava/21.jpg,fid_14
425,FIDS30/guava/24.jpg,fid_14
426,FIDS30/guava/25.jpg,fid_14
427,FIDS30/guava/28.jpg,fid_14
428,FIDS30/guava/31.jpg,fid_14
429,FIDS30/guava/32.jpg,fid_14
430,FIDS30/guava/33.jpg,fid_14
431,FIDS30/guava/34.jpg,fid_14
432,FIDS30/guava/35.jpg,fid_14
433,FIDS30/guava/37.jpg,fid_14
434,FIDS30/guava/38.jpg,fid_14
435,FIDS30/guava/39.jpg,fid_14
436,FIDS30/guava/4.jpg,fid_14
437,FIDS30/guava/40.jpg,fid_14
438,FIDS30/guava/43.jpg,fid_14
439,FIDS30/guava/44.jpg,fid_14
440,FIDS30/guava/45.jpg,fid_14
441,FIDS30/guava/49.jpg,fid_14
442,FIDS30/guava/5.jpg,fid_14
443,FIDS30/guava/50.jpg,fid_14
444,FIDS30/guava/6.jpg,fid_14
445,FIDS30/guava/7.jpg,fid_14
446,FIDS30/guava/9.jpg,fid_14
447,FIDS30/kiwifruit/0.jpg,fid_15
448,FIDS30/kiwifruit/1.jpg,fid_15
449,FIDS30/kiwifruit/10.jpg,fid_15
450,FIDS30/kiwifruit/11.jpg,fid_15
451,FIDS30/kiwifruit/13.jpg,fid_15
452,FIDS30/kiwifruit/14.jpg,fid_15
453,FIDS30/kiwifruit/16.jpg,fid_15
454,FIDS30/kiwifruit/17.jpg,fid_15
455,FIDS30/kiwifruit/18.jpg,fid_15
456,FIDS30/kiwifruit/19.jpg,fid_15
457,FIDS30/kiwifruit/21.jpg,fid_15
458,FIDS30/kiwifruit/22.jpg,fid_15
459,FIDS30/kiwifruit/25.jpg,fid_15
460,FIDS30/kiwifruit/27.jpg,fid_15
461,FIDS30/kiwifruit/3.jpg,fid_15
462,FIDS30/kiwifruit/30.jpg,fid_15
463,FIDS30/kiwifruit/36.jpg,fid_15
464,FIDS30/kiwifruit/37.jpg,fid_15
465,FIDS30/kiwifruit/38.jpg,fid_15
466,FIDS30/kiwifruit/4.jpg,fid_15
467,FIDS30/kiwifruit/40.jpg,fid_15
468,FIDS30/kiwifruit/45.jpg,fid_15
469,FIDS30/kiwifruit/46.jpg,fid_15
470,FIDS30/kiwifruit/47.jpg,fid_15
471,FIDS30/kiwifruit/48.jpg,fid_15
472,FIDS30/kiwifruit/49.jpg,fid_15
473,FIDS30/kiwifruit/5.jpg,fid_15
474,FIDS30/kiwifruit/50.jpg,fid_15
475,FIDS30/kiwifruit/52.jpg,fid_15
476,FIDS30/kiwifruit/55.jpg,fid_15
477,FIDS30/kiwifruit/56.jpg,fid_15
478,FIDS30/kiwifruit/57.jpg,fid_15
479,FIDS30/kiwifruit/58.jpg,fid_15
480,FIDS30/kiwifruit/7.jpg,fid_15
481,FIDS30/kiwifruit/8.jpg,fid_15
482,FIDS30/kiwifruit/9.jpg,fid_15
483,FIDS30/lemons/0.jpg,fid_16
484,FIDS30/lemons/1.jpg,fid_16
485,FIDS30/lemons/10.jpg,fid_16
486,FIDS30/lemons/11.jpg,fid_16
487,FIDS30/lemons/15.jpg,fid_16
488,FIDS30/lemons/17.jpg,fid_16
489,FIDS30/lemons/18.jpg,fid_16
490,FIDS30/lemons/19.jpg,fid_16
491,FIDS30/lemons/2.jpg,fid_16
492,FIDS30/lemons/20.jpg,fid_16
493,FIDS30/lemons/21.jpg,fid_16
494,FIDS30/lemons/23.jpg,fid_16
495,FIDS30/lemons/24.jpg,fid_16
496,FIDS30/lemons/25.jpg,fid_16
497,FIDS30/lemons/26.jpg,fid_16
498,FIDS30/lemons/29.jpg,fid_16
499,FIDS30/lemons/31.jpg,fid_16
500,FIDS30/lemons/33.jpg,fid_16
501,FIDS30/lemons/34.jpg,fid_16
502,FIDS30/lemons/37.jpg,fid_16
503,FIDS30/lemons/38.jpg,fid_16
504,FIDS30/lemons/39.jpg,fid_16
505,FIDS30/lemons/41.jpg,fid_16
506,FIDS30/lemons/42.jpg,fid_16
507,FIDS30/lemons/44.jpg,fid_16
508,FIDS30/lemons/47.jpg,fid_16
509,FIDS30/lemons/5.jpg,fid_16
510,FIDS30/lemons/6.jpg,fid_16
511,FIDS30/lemons/9.jpg,fid_16
512,FIDS30/limes/0.jpg,fid_17
513,FIDS30/limes/1.jpg,fid_17
514,FIDS30/limes/12.jpg,fid_17
515,FIDS30/limes/13.jpg,fid_17
516,FIDS30/limes/15.jpg,fid_17
517,FIDS30/limes/16.jpg,fid_17
518,FIDS30/limes/19.jpg,fid_17
519,FIDS30/limes/2.jpg,fid_17
520,FIDS30/limes/20.jpg,fid_17
521,FIDS30/limes/22.jpg,fid_17
522,FIDS30/limes/23.jpg,fid_17
523,FIDS30/limes/24.jpg,fid_17
524,FIDS30/limes/25.jpg,fid_17
525,FIDS30/limes/26.jpg,fid_17
526,FIDS30/limes/27.jpg,fid_17
527,FIDS30/limes/3.jpg,fid_17
528,FIDS30/limes/33.jpg,fid_17
529,FIDS30/limes/34.jpg,fid_17
530,FIDS30/limes/35.jpg,fid_17
531,FIDS30/limes/36.jpg,fid_17
532,FIDS30/limes/38.jpg,fid_17
533,FIDS30/limes/4.jpg,fid_17
534,FIDS30/limes/5.jpg,fid_17
535,FIDS30/limes/52.jpg,fid_17
536,FIDS30/limes/56.jpg,fid_17
537,FIDS30/limes/57.jpg,fid_17
538,FIDS30/limes/6.jpg,fid_17
539,FIDS30/limes/7.jpg,fid_17
540,FIDS30/limes/8.jpg,fid_17
541,FIDS30/mangos/0.jpg,fid_19
542,FIDS30/mangos/10.jpg,fid_19
543,FIDS30/mangos/11.jpg,fid_19
544,FIDS30/mangos/12.jpg,fid_19
545,FIDS30/mangos/13.jpg,fid_19
546,FIDS30/mangos/15.jpg,fid_19
547,FIDS30/mangos/16.jpg,fid_19
548,FIDS30/mangos/19.jpg,fid_19
549,FIDS30/mangos/2.jpg,fid_19
550,FIDS30/mangos/20.jpg,fid_19
551,FIDS30/mangos/22.jpg,fid_19
552,FIDS30/mangos/23.jpg,fid_19
553,FIDS30/mangos/25.jpg,fid_19
554,FIDS30/mangos/26.jpg,fid_19
555,FIDS30/mangos/28.jpg,fid_19
556,FIDS30/mangos/29.jpg,fid_19
557,FIDS30/mangos/33.jpg,fid_19
558,FIDS30/mangos/35.jpg,fid_19
559,FIDS30/mangos/36.jpg,fid_19
560,FIDS30/mangos/38.jpg,fid_19
561,FIDS30/mangos/4.jpg,fid_19
562,FIDS30/mangos/40.jpg,fid_19
563,FIDS30/mangos/42.jpg,fid_19
564,FIDS30/mangos/43.jpg,fid_19
565,FIDS30/mangos/45.jpg,fid_19
566,FIDS30/mangos/46.jpg,fid_19
567,FIDS30/mangos/48.jpg,fid_19
568,FIDS30/mangos/49.jpg,fid_19
569,FIDS30/mangos/53.jpg,fid_19
570,FIDS30/mangos/54.jpg,fid_19
571,FIDS30/mangos/56.jpg,fid_19
572,FIDS30/mangos/57.jpg,fid_19
573,FIDS30/mangos/7.jpg,fid_19
574,FIDS30/mangos/8.jpg,fid_19
575,FIDS30/olives/0.jpg,fid_20
576,FIDS30/olives/1.jpg,fid_20
577,FIDS30/olives/12.jpg,fid_20
578,FIDS30/olives/16.jpg,fid_20
579,FIDS30/olives/20.jpg,fid_20
580,FIDS30/olives/22.jpg,fid_20
581,FIDS30/olives/24.jpg,fid_20
582,FIDS30/olives/25.jpg,fid_20
583,FIDS30/olives/29.jpg,fid_20
584,FIDS30/olives/31.jpg,fid_20
585,FIDS30/olives/33.jpg,fid_20
586,FIDS30/olives/34.jpg,fid_20
587,FIDS30/olives/35.jpg,fid_20
588,FIDS30/olives/36.jpg,fid_20
589,FIDS30/olives/4.jpg,fid_20
590,FIDS30/olives/42.jpg,fid_20
591,FIDS30/olives/44.jpg,fid_20
592,FIDS30/olives/45.jpg,fid_20
593,FIDS30/olives/46.jpg,fid_20
594,FIDS30/olives/47.jpg,fid_20
595,FIDS30/olives/49.jpg,fid_20
596,FIDS30/olives/5.jpg,fid_20
597,FIDS30/olives/6.jpg,fid_20
598,FIDS30/oranges/0.jpg,fid_21
599,FIDS30/oranges/10.jpg,fid_21
600,FIDS30/oranges/12.jpg,fid_21
601,FIDS30/oranges/13.jpg,fid_21
602,FIDS30/oranges/14.jpg,fid_21
603,FIDS30/oranges/15.jpg,fid_21
604,FIDS30/oranges/17.jpg,fid_21
605,FIDS30/oranges/2.jpg,fid_21
606,FIDS30/oranges/21.jpg,fid_21
607,FIDS30/oranges/22.jpg,fid_21
608,FIDS30/oranges/24.jpg,fid_21
609,FIDS30/oranges/25.jpg,fid_21
610,FIDS30/oranges/26.jpg,fid_21
611,FIDS30/oranges/27.jpg,fid_21
612,FIDS30/oranges/28.jpg,fid_21
613,FIDS30/oranges/29.jpg,fid_21
614,FIDS30/oranges/3.jpg,fid_21
615,FIDS30/oranges/30.jpg,fid_21
616,FIDS30/oranges/31.jpg,fid_21
617,FIDS30/oranges/32.jpg,fid_21
618,FIDS30/oranges/33.jpg,fid_21
619,FIDS30/oranges/34.jpg,fid_21
620,FIDS30/oranges/4.jpg,fid_21
621,FIDS30/oranges/40.jpg,fid_21
622,FIDS30/oranges/42.jpg,fid_21
623,FIDS30/oranges/43.jpg,fid_21
624,FIDS30/oranges/44.jpg,fid_21
625,FIDS30/oranges/45.jpg,fid_21
626,FIDS30/oranges/48.jpg,fid_21
627,FIDS30/oranges/49.jpg,fid_21
628,FIDS30/oranges/5.jpg,fid_21
629,FIDS30/oranges/52.jpg,fid_21
630,FIDS30/oranges/55.jpg,fid_21
631,FIDS30/oranges/7.jpg,fid_21
632,FIDS30/oranges/9.jpg,fid_21
633,FIDS30/passionfruit/0.jpg,fid_22
634,FIDS30/passionfruit/1.jpg,fid_22
635,FIDS30/passionfruit/11.jpg,fid_22
636,FIDS30/passionfruit/17.jpg,fid_22
637,FIDS30/passionfruit/19.jpg,fid_22
638,FIDS30/passionfruit/2.jpg,fid_22
639,FIDS30/passionfruit/20.jpg,fid_22
640,FIDS30/passionfruit/23.jpg,fid_22
641,FIDS30/passionfruit/24.jpg,fid_22
642,FIDS30/passionfruit/27.jpg,fid_22
643,FIDS30/passionfruit/28.jpg,fid_22
644,FIDS30/passionfruit/30.jpg,fid_22
645,FIDS30/passionfruit/32.jpg,fid_22
646,FIDS30/passionfruit/33.jpg,fid_22
647,FIDS30/passionfruit/36.jpg,fid_22
648,FIDS30/passionfruit/37.jpg,fid_22
649,FIDS30/passionfruit/4.jpg,fid_22
650,FIDS30/passionfruit/44.jpg,fid_22
651,FIDS30/passionfruit/47.jpg,fid_22
652,FIDS30/passionfruit/5.jpg,fid_22
653,FIDS30/passionfruit/8.jpg,fid_22
654,FIDS30/passionfruit/9.jpg,fid_22
655,FIDS30/peaches/0.jpg,fid_23
656,FIDS30/peaches/1.jpg,fid_23
657,FIDS30/peaches/12.jpg,fid_23
658,FIDS30/peaches/14.jpg,fid_23
659,FIDS30/peaches/18.jpg,fid_23
660,FIDS30/peaches/2.jpg,fid_23
661,FIDS30/peaches/20.jpg,fid_23
662,FIDS30/peaches/21.jpg,fid_23
663,FIDS30/peaches/22.jpg,fid_23
664,FIDS30/peaches/25.jpg,fid_23
665,FIDS30/peaches/26.jpg,fid_23
666,FIDS30/peaches/3.jpg,fid_23
667,FIDS30/peaches/30.jpg,fid_23
668,FIDS30/peaches/31.jpg,fid_23
669,FIDS30/peaches/32.jpg,fid_23
670,FIDS30/peaches/39.jpg,fid_23
671,FIDS30/peaches/4.jpg,fid_23
672,FIDS30/peaches/41.jpg,fid_23
673,FIDS30/peaches/43.jpg,fid_23
674,FIDS30/peaches/44.jpg,fid_23
675,FIDS30/peaches/45.jpg,fid_23
676,FIDS30/peaches/46.jpg,fid_23
677,FIDS30/peaches/49.jpg,fid_23
678,FIDS30/peaches/50.jpg,fid_23
679,FIDS30/peaches/7.jpg,fid_23
680,FIDS30/peaches/8.jpg,fid_23
681,FIDS30/peaches/9.jpg,fid_23
682,FIDS30/pears/0.jpg,fid_24
683,FIDS30/pears/1.jpg,fid_24
684,FIDS30/pears/11.jpg,fid_24
685,FIDS30/pears/12.jpg,fid_24
686,FIDS30/pears/13.jpg,fid_24
687,FIDS30/pears/14.jpg,fid_24
688,FIDS30/pears/15.jpg,fid_24
689,FIDS30/pears/16.jpg,fid_24
690,FIDS30/pears/18.jpg,fid_24
691,FIDS30/pears/19.jpg,fid_24
692,FIDS30/pears/2.jpg,fid_24
693,FIDS30/pears/20.jpg,fid_24
694,FIDS30/pears/21.jpg,fid_24
695,FIDS30/pears/23.jpg,fid_24
696,FIDS30/pears/24.jpg,fid_24
697,FIDS30/pears/26.jpg,fid_24
698,FIDS30/pears/29.jpg,fid_24
699,FIDS30/pears/30.jpg,fid_24
700,FIDS30/pears/31.jpg,fid_24
701,FIDS30/pears/32.jpg,fid_24
702,FIDS30/pears/34.jpg,fid_24
703,FIDS30/pears/37.jpg,fid_24
704,FIDS30/pears/4.jpg,fid_24
705,FIDS30/pears/40.jpg,fid_24
706,FIDS30/pears/42.jpg,fid_24
707,FIDS30/pears/43.jpg,fid_24
708,FIDS30/pears/45.jpg,fid_24
709,FIDS30/pears/5.jpg,fid_24
710,FIDS30/pears/52.jpg,fid_24
711,FIDS30/pears/7.jpg,fid_24
712,FIDS30/pears/8.jpg,fid_24
713,FIDS30/pears/9.jpg,fid_24
714,FIDS30/pineapples/1.jpg,fid_25
715,FIDS30/pineapples/11.jpg,fid_25
716,FIDS30/pineapples/12.jpg,fid_25
717,FIDS30/pineapples/13.jpg,fid_25
718,FIDS30/pineapples/14.jpg,fid_25
719,FIDS30/pineapples/16.jpg,fid_25
720,FIDS30/pineapples/17.jpg,fid_25
721,FIDS30/pineapples/18.jpg,fid_25
722,FIDS30/pineapples/19.jpg,fid_25
723,FIDS30/pineapples/2.jpg,fid_25
724,FIDS30/pineapples/20.jpg,fid_25
725,FIDS30/pineapples/21.jpg,fid_25
726,FIDS30/pineapples/22.jpg,fid_25
727,FIDS30/pineapples/23.jpg,fid_25
728,FIDS30/pineapples/24.jpg,fid_25
729,FIDS30/pineapples/25.jpg,fid_25
730,FIDS30/pineapples/27.jpg,fid_25
731,FIDS30/pineapples/31.jpg,fid_25
732,FIDS30/pineapples/32.jpg,fid_25
733,FIDS30/pineapples/33.jpg,fid_25
734,FIDS30/pineapples/35.jpg,fid_25
735,FIDS30/pineapples/36.jpg,fid_25
736,FIDS30/pineapples/38.jpg,fid_25
737,FIDS30/pineapples/4.jpg,fid_25
738,FIDS30/pineapples/40.jpg,fid_25
739,FIDS30/pineapples/41.jpg,fid_25
740,FIDS30/pineapples/44.jpg,fid_25
741,FIDS30/pineapples/48.jpg,fid_25
742,FIDS30/pineapples/50.jpg,fid_25
743,FIDS30/pineapples/52.jpg,fid_25
744,FIDS30/pineapples/53.jpg,fid_25
745,FIDS30/pineapples/6.jpg,fid_25
746,FIDS30/pineapples/7.jpg,fid_25
747,FIDS30/pineapples/9.jpg,fid_25
748,FIDS30/plums/10.jpg,fid_26
749,FIDS30/plums/13.jpg,fid_26
750,FIDS30/plums/14.jpg,fid_26
751,FIDS30/plums/15.jpg,fid_26
752,FIDS30/plums/16.jpg,fid_26
753,FIDS30/plums/17.jpg,fid_26
754,FIDS30/plums/18.jpg,fid_26
755,FIDS30/plums/25.jpg,fid_26
756,FIDS30/plums/28.jpg,fid_26
757,FIDS30/plums/29.jpg,fid_26
758,FIDS30/plums/3.jpg,fid_26
759,FIDS30/plums/30.jpg,fid_26
760,FIDS30/plums/31.jpg,fid_26
761,FIDS30/plums/33.jpg,fid_26
762,FIDS30/plums/34.jpg,fid_26
763,FIDS30/plums/35.jpg,fid_26
764,FIDS30/plums/39.jpg,fid_26
765,FIDS30/plums/4.jpg,fid_26
766,FIDS30/plums/40.jpg,fid_26
767,FIDS30/plums/42.jpg,fid_26
768,FIDS30/plums/43.jpg,fid_26
769,FIDS30/plums/44.jpg,fid_26
770,FIDS30/plums/46.jpg,fid_26
771,FIDS30/plums/47.jpg,fid_26
772,FIDS30/plums/48.jpg,fid_26
773,FIDS30/plums/49.jpg,fid_26
774,FIDS30/plums/5.jpg,fid_26
775,FIDS30/plums/51.jpg,fid_26
776,FIDS30/plums/6.jpg,fid_26
777,FIDS30/plums/7.jpg,fid_26
778,FIDS30/plums/9.jpg,fid_26
779,FIDS30/pomegranates/0.jpg,fid_27
780,FIDS30/pomegranates/1.jpg,fid_27
781,FIDS30/pomegranates/10.jpg,fid_27
782,FIDS30/pomegranates/12.jpg,fid_27
783,FIDS30/pomegranates/17.jpg,fid_27
784,FIDS30/pomegranates/18.jpg,fid_27
785,FIDS30/pomegranates/19.jpg,fid_27
786,FIDS30/pomegranates/2.jpg,fid_27
787,FIDS30/pomegranates/20.jpg,fid_27
788,FIDS30/pomegranates/21.jpg,fid_27
789,FIDS30/pomegranates/22.jpg,fid_27
790,FIDS30/pomegranates/23.jpg,fid_27
791,FIDS30/pomegranates/26.jpg,fid_27
792,FIDS30/pomegranates/29.jpg,fid_27
793,FIDS30/pomegranates/3.jpg,fid_27
794,FIDS30/pomegranates/30.jpg,fid_27
795,FIDS30/pomegranates/33.jpg,fid_27
796,FIDS30/pomegranates/34.jpg,fid_27
797,FIDS30/pomegranates/36.jpg,fid_27
798,FIDS30/pomegranates/37.jpg,fid_27
799,FIDS30/pomegranates/4.jpg,fid_27
800,FIDS30/pomegranates/41.jpg,fid_27
801,FIDS30/pomegranates/42.jpg,fid_27
802,FIDS30/pomegranates/5.jpg,fid_27
803,FIDS30/pomegranates/52.jpg,fid_27
804,FIDS30/pomegranates/54.jpg,fid_27
805,FIDS30/pomegranates/55.jpg,fid_27
806,FIDS30/pomegranates/6.jpg,fid_27
807,FIDS30/pomegranates/7.jpg,fid_27
808,FIDS30/pomegranates/8.jpg,fid_27
809,FIDS30/raspberries/0.jpg,fid_28
810,FIDS30/raspberries/10.jpg,fid_28
811,FIDS30/raspberries/11.jpg,fid_28
812,FIDS30/raspberries/14.jpg,fid_28
813,FIDS30/raspberries/15.jpg,fid_28
814,FIDS30/raspberries/16.jpg,fid_28
815,FIDS30/raspberries/17.jpg,fid_28
816,FIDS30/raspberries/18.jpg,fid_28
817,FIDS30/raspberries/20.jpg,fid_28
818,FIDS30/raspberries/21.jpg,fid_28
819,FIDS30/raspberries/23.jpg,fid_28
820,FIDS30/raspberries/24.jpg,fid_28
821,FIDS30/raspberries/27.jpg,fid_28
822,FIDS30/raspberries/28.jpg,fid_28
823,FIDS30/raspberries/29.jpg,fid_28
824,FIDS30/raspberries/3.jpg,fid_28
825,FIDS30/raspberries/30.jpg,fid_28
826,FIDS30/raspberries/31.jpg,fid_28
827,FIDS30/raspberries/33.jpg,fid_28
828,FIDS30/raspberries/37.jpg,fid_28
829,FIDS30/raspberries/38.jpg,fid_28
830,FIDS30/raspberries/4.jpg,fid_28
831,FIDS30/raspberries/40.jpg,fid_28
832,FIDS30/raspberries/41.jpg,fid_28
833,FIDS30/raspberries/44.jpg,fid_28
834,FIDS30/raspberries/45.jpg,fid_28
835,FIDS30/raspberries/46.jpg,fid_28
836,FIDS30/raspberries/47.jpg,fid_28
837,FIDS30/raspberries/48.jpg,fid_28
838,FIDS30/raspberries/49.jpg,fid_28
839,FIDS30/raspberries/5.jpg,fid_28
840,FIDS30/raspberries/52.jpg,fid_28
841,FIDS30/raspberries/53.jpg,fid_28
842,FIDS30/raspberries/54.jpg,fid_28
843,FIDS30/raspberries/55.jpg,fid_28
844,FIDS30/raspberries/6.jpg,fid_28
845,FIDS30/raspberries/7.jpg,fid_28
846,FIDS30/raspberries/8.jpg,fid_28
847,FIDS30/raspberries/9.jpg,fid_28
848,FIDS30/strawberries/0.jpg,fid_29
849,FIDS30/strawberries/1.jpg,fid_29
850,FIDS30/strawberries/10.jpg,fid_29
851,FIDS30/strawberries/11.jpg,fid_29
852,FIDS30/strawberries/12.jpg,fid_29
853,FIDS30/strawberries/13.jpg,fid_29
854,FIDS30/strawberries/14.jpg,fid_29
855,FIDS30/strawberries/15.jpg,fid_29
856,FIDS30/strawberries/16.jpg,fid_29
857,FIDS30/strawberries/17.jpg,fid_29
858,FIDS30/strawberries/18.jpg,fid_29
859,FIDS30/strawberries/19.jpg,fid_29
860,FIDS30/strawberries/2.jpg,fid_29
861,FIDS30/strawberries/20.jpg,fid_29
862,FIDS30/strawberries/21.jpg,fid_29
863,FIDS30/strawberries/23.jpg,fid_29
864,FIDS30/strawberries/24.jpg,fid_29
865,FIDS30/strawberries/25.jpg,fid_29
866,FIDS30/strawberries/26.jpg,fid_29
867,FIDS30/strawberries/27.jpg,fid_29
868,FIDS30/strawberries/29.jpg,fid_29
869,FIDS30/strawberries/3.jpg,fid_29
870,FIDS30/strawberries/31.jpg,fid_29
871,FIDS30/strawberries/32.jpg,fid_29
872,FIDS30/strawberries/33.jpg,fid_29
873,FIDS30/strawberries/34.jpg,fid_29
874,FIDS30/strawberries/36.jpg,fid_29
875,FIDS30/strawberries/37.jpg,fid_29
876,FIDS30/strawberries/38.jpg,fid_29
877,FIDS30/strawberries/39.jpg,fid_29
878,FIDS30/strawberries/4.jpg,fid_29
879,FIDS30/strawberries/40.jpg,fid_29
880,FIDS30/strawberries/41.jpg,fid_29
881,FIDS30/strawberries/42.jpg,fid_29
882,FIDS30/strawberries/43.jpg,fid_29
883,FIDS30/strawberries/45.jpg,fid_29
884,FIDS30/strawberries/46.jpg,fid_29
885,FIDS30/strawberries/47.jpg,fid_29
886,FIDS30/strawberries/49.jpg,fid_29
887,FIDS30/strawberries/52.jpg,fid_29
888,FIDS30/strawberries/54.jpg,fid_29
889,FIDS30/strawberries/55.jpg,fid_29
890,FIDS30/strawberries/6.jpg,fid_29
891,FIDS30/strawberries/7.jpg,fid_29
892,FIDS30/strawberries/8.jpg,fid_29
893,FIDS30/strawberries/9.jpg,fid_29
894,FIDS30/tomatoes/0.jpg,fid_30
895,FIDS30/tomatoes/1.jpg,fid_30
896,FIDS30/tomatoes/10.jpg,fid_30
897,FIDS30/tomatoes/11.jpg,fid_30
898,FIDS30/tomatoes/12.jpg,fid_30
899,FIDS30/tomatoes/13.jpg,fid_30
900,FIDS30/tomatoes/14.jpg,fid_30
901,FIDS30/tomatoes/16.jpg,fid_30
902,FIDS30/tomatoes/17.jpg,fid_30
903,FIDS30/tomatoes/18.jpg,fid_30
904,FIDS30/tomatoes/19.jpg,fid_30
905,FIDS30/tomatoes/2.jpg,fid_30
906,FIDS30/tomatoes/20.jpg,fid_30
907,FIDS30/tomatoes/21.jpg,fid_30
908,FIDS30/tomatoes/22.jpg,fid_30
909,FIDS30/tomatoes/23.jpg,fid_30
910,FIDS30/tomatoes/26.jpg,fid_30
911,FIDS30/tomatoes/27.jpg,fid_30
912,FIDS30/tomatoes/28.jpg,fid_30
913,FIDS30/tomatoes/29.jpg,fid_30
914,FIDS30/tomatoes/3.jpg,fid_30
915,FIDS30/tomatoes/31.jpg,fid_30
916,FIDS30/tomatoes/32.jpg,fid_30
917,FIDS30/tomatoes/34.jpg,fid_30
918,FIDS30/tomatoes/35.jpg,fid_30
919,FIDS30/tomatoes/36.jpg,fid_30
920,FIDS30/tomatoes/37.jpg,fid_30
921,FIDS30/tomatoes/38.jpg,fid_30
922,FIDS30/tomatoes/4.jpg,fid_30
923,FIDS30/tomatoes/41.jpg,fid_30
924,FIDS30/tomatoes/42.jpg,fid_30
925,FIDS30/tomatoes/43.jpg,fid_30
926,FIDS30/tomatoes/44.jpg,fid_30
927,FIDS30/tomatoes/45.jpg,fid_30
928,FIDS30/tomatoes/46.jpg,fid_30
929,FIDS30/tomatoes/47.jpg,fid_30
930,FIDS30/tomatoes/49.jpg,fid_30
931,FIDS30/tomatoes/5.jpg,fid_30
932,FIDS30/tomatoes/52.jpg,fid_30
933,FIDS30/tomatoes/53.jpg,fid_30
934,FIDS30/tomatoes/54.jpg,fid_30
935,FIDS30/tomatoes/55.jpg,fid_30
936,FIDS30/tomatoes/6.jpg,fid_30
937,FIDS30/tomatoes/7.jpg,fid_30
938,FIDS30/tomatoes/8.jpg,fid_30
939,FIDS30/tomatoes/9.jpg,fid_30
940,FIDS30/watermelons/1.jpg,fid_31
941,FIDS30/watermelons/10.jpg,fid_31
942,FIDS30/watermelons/12.jpg,fid_31
943,FIDS30/watermelons/13.jpg,fid_31
944,FIDS30/watermelons/14.jpg,fid_31
945,FIDS30/watermelons/16.jpg,fid_31
946,FIDS30/watermelons/18.jpg,fid_31
947,FIDS30/watermelons/2.jpg,fid_31
948,FIDS30/watermelons/20.jpg,fid_31
949,FIDS30/watermelons/21.jpg,fid_31
950,FIDS30/watermelons/23.jpg,fid_31
951,FIDS30/watermelons/24.jpg,fid_31
952,FIDS30/watermelons/27.jpg,fid_31
953,FIDS30/watermelons/28.jpg,fid_31
954,FIDS30/watermelons/3.jpg,fid_31
955,FIDS30/watermelons/30.jpg,fid_31
956,FIDS30/watermelons/37.jpg,fid_31
957,FIDS30/watermelons/38.jpg,fid_31
958,FIDS30/watermelons/4.jpg,fid_31
959,FIDS30/watermelons/42.jpg,fid_31
960,FIDS30/watermelons/46.jpg,fid_31
961,FIDS30/watermelons/47.jpg,fid_31
962,FIDS30/watermelons/48.jpg,fid_31
963,FIDS30/watermelons/49.jpg,fid_31
964,FIDS30/watermelons/5.jpg,fid_31
965,FIDS30/watermelons/50.jpg,fid_31
966,FIDS30/watermelons/52.jpg,fid_31
967,FIDS30/watermelons/53.jpg,fid_31
968,FIDS30/watermelons/7.jpg,fid_31
969,FIDS30/watermelons/8.jpg,fid_31
970,FIDS30/watermelons/9.jpg,fid_31
